Models,"Spatial with Beta(5,1)","Spatial with Unif(0,1)"
4-OS,7.956811,9.018902
4-OD,3.557993,3.822285
12-OS,16.60401,19.7498
12-OD,8.033057,24.31243
30-OD,29.37046,13.35295
30-OS,23.54424,21.49253
34-OS,19.27207,20.95426
34-OD,24.45646,21.79222
43-OS,28.8328,21.00736
43-OD,28.18225,21.00547
72-OS,30.00627,20.98817
72-OD,23.28162,20.96363
76-OS,10.72804,21.00787
76-OD,28.16669,21.00955
90-OS,26.19092,21.79254
90-OD,15.06397,15.2331
125-OS,28.80898,17.11463
125-OD,7.224363,20.43117